CONVERSATION ID,CONVERSATION TITLE,FROM,SENDER PROFILE URL,TO,RECIPIENT PROFILE URLS,DATE,SUBJECT,CONTENT,FOLDER,ATTACHMENTS
thread_001,,John Smith,https://www.linkedin.com/in/john-smith,Sarah Johnson,https://www.linkedin.com/in/sarah-johnson,2024-01-15 10:30:00 UTC,,Hi Sarah! I saw your post about B2B SaaS growth and thought you might be interested in our marketing automation platform. We help companies like yours increase lead generation by 40%. Would you be open to a quick 15-minute call this week?,INBOX,
thread_001,,Sarah Johnson,https://www.linkedin.com/in/sarah-johnson,John Smith,https://www.linkedin.com/in/john-smith,2024-01-15 11:45:00 UTC,,Hi John! Thanks for reaching out. I'm always interested in tools that can help with lead generation. Let's schedule something for Thursday afternoon.,INBOX,
thread_001,,John Smith,https://www.linkedin.com/in/john-smith,Sarah Johnson,https://www.linkedin.com/in/sarah-johnson,2024-01-15 12:00:00 UTC,,Perfect! I'll send you a calendar invite for Thursday at 2 PM. Looking forward to showing you how we've helped similar companies.,INBOX,
thread_002,,John Smith,https://www.linkedin.com/in/john-smith,Mike Davis,https://www.linkedin.com/in/mike-davis,2024-01-16 09:15:00 UTC,,Hey Mike! Congrats on the new VP role at TechCorp. I help SaaS companies optimize their sales processes. Would love to connect and see if we could help you scale your new team.,INBOX,
thread_002,,Mike Davis,https://www.linkedin.com/in/mike-davis,John Smith,https://www.linkedin.com/in/john-smith,2024-01-16 14:30:00 UTC,,Thanks John! Always looking for ways to improve our sales efficiency. What kind of results have you seen with similar companies?,INBOX,
thread_003,,John Smith,https://www.linkedin.com/in/john-smith,Lisa Chen,https://www.linkedin.com/in/lisa-chen,2024-01-17 08:00:00 UTC,,Hi Lisa! I noticed you're hiring SDRs at your company. We provide sales training and coaching that helps new hires ramp up 50% faster. Are you interested in learning more?,INBOX,
thread_004,,John Smith,https://www.linkedin.com/in/john-smith,David Wilson,https://www.linkedin.com/in/david-wilson,2024-01-18 16:20:00 UTC,,Hey David! How's the new startup going? I remember you mentioned you were looking for ways to streamline your outbound sales process.,INBOX,
thread_004,,David Wilson,https://www.linkedin.com/in/david-wilson,John Smith,https://www.linkedin.com/in/john-smith,2024-01-18 17:45:00 UTC,,It's going well! We're definitely looking for better tools and processes. What do you have in mind?,INBOX,
thread_005,,John Smith,https://www.linkedin.com/in/john-smith,Emma Rodriguez,https://www.linkedin.com/in/emma-rodriguez,2024-01-19 11:00:00 UTC,,Hi Emma! I saw your article on sales automation. We help companies implement AI-powered lead scoring that increases conversion rates by 35%. Would you be interested in a demo?,INBOX,
thread_005,,Emma Rodriguez,https://www.linkedin.com/in/emma-rodriguez,John Smith,https://www.linkedin.com/in/john-smith,2024-01-19 13:20:00 UTC,,Hi John! That sounds interesting. Can you send me some case studies first?,INBOX,
thread_006,,John Smith,https://www.linkedin.com/in/john-smith,Tom Anderson,https://www.linkedin.com/in/tom-anderson,2024-01-20 10:45:00 UTC,,Tom! Great meeting you at the SaaS conference last week. As discussed, here's info about our revenue operations consulting. We help companies like yours optimize their entire funnel.,INBOX,
thread_007,,John Smith,https://www.linkedin.com/in/john-smith,Rachel Green,https://www.linkedin.com/in/rachel-green,2024-01-21 14:15:00 UTC,,Hi Rachel! I help marketing teams generate more qualified leads through better targeting and automation. Saw that you recently joined as Head of Marketing - would love to connect!,INBOX,
thread_008,,John Smith,https://www.linkedin.com/in/john-smith,Alex Brown,https://www.linkedin.com/in/alex-brown,2024-01-22 09:30:00 UTC,,Hey Alex! Thanks for connecting. I noticed your company is scaling fast - that's awesome! We specialize in helping high-growth companies build scalable sales processes. Any current challenges you're facing?,INBOX,
thread_008,,Alex Brown,https://www.linkedin.com/in/alex-brown,John Smith,https://www.linkedin.com/in/john-smith,2024-01-22 15:10:00 UTC,,Hey John! Yes, scaling is definitely our main focus right now. Our biggest challenge is keeping up with demand while maintaining quality. What kind of solutions do you typically recommend?,INBOX,
thread_009,,John Smith,https://www.linkedin.com/in/john-smith,Nicole Taylor,https://www.linkedin.com/in/nicole-taylor,2024-01-23 12:00:00 UTC,,Nicole! Loved your post about customer success metrics. We help companies improve their customer lifecycle management. Have 15 minutes this week to discuss how we could help optimize your retention rates?,INBOX,
thread_010,,John Smith,https://www.linkedin.com/in/john-smith,Kevin Lee,https://www.linkedin.com/in/kevin-lee,2024-01-24 08:45:00 UTC,,Hi Kevin! I see you're building out your sales team. We provide comprehensive onboarding and training programs that reduce ramp time by 40%. Would you be interested in learning more about our approach?,INBOX,
thread_011,,John Smith,https://www.linkedin.com/in/john-smith,Jessica White,https://www.linkedin.com/in/jessica-white,2024-01-25 13:30:00 UTC,,Hey Jessica! How are things at the new company? I remember you mentioning you were looking for better sales tools. We just launched a new CRM integration that might be perfect for your team.,INBOX,
thread_011,,Jessica White,https://www.linkedin.com/in/jessica-white,John Smith,https://www.linkedin.com/in/john-smith,2024-01-25 16:45:00 UTC,,Things are great! We're definitely still evaluating tools. Can you tell me more about the integration and pricing?,INBOX,
thread_012,,John Smith,https://www.linkedin.com/in/john-smith,Robert Miller,https://www.linkedin.com/in/robert-miller,2024-01-26 11:20:00 UTC,,Robert! Congrats on the Series B funding! That's fantastic news. With that kind of growth, you'll probably need to scale your sales operations quickly. We specialize in exactly that - would love to chat!,INBOX,
thread_013,,John Smith,https://www.linkedin.com/in/john-smith,Amanda Clark,https://www.linkedin.com/in/amanda-clark,2024-01-27 10:00:00 UTC,,Amanda! I noticed you're speaking at the upcoming sales conference. We help speakers and thought leaders monetize their expertise through consulting programs. Interested in exploring this?,INBOX,
thread_014,,John Smith,https://www.linkedin.com/in/john-smith,Chris Martinez,https://www.linkedin.com/in/chris-martinez,2024-01-28 14:50:00 UTC,,Chris! Great connecting with you. I help fintech companies improve their customer acquisition costs through better lead qualification. Saw your recent post about CAC challenges - this might be relevant!,INBOX,
thread_015,,John Smith,https://www.linkedin.com/in/john-smith,Maria Garcia,https://www.linkedin.com/in/maria-garcia,2024-01-29 09:10:00 UTC,,Hi Maria! I see you're expanding into new markets. We help companies like yours develop market entry strategies and optimize their sales approach for different regions. Would love to share some insights!,INBOX,
thread_015,,Maria Garcia,https://www.linkedin.com/in/maria-garcia,John Smith,https://www.linkedin.com/in/john-smith,2024-01-29 12:30:00 UTC,,Hi John! Market expansion is definitely one of our key initiatives this year. I'd be interested to hear about your approach and see some case studies.,INBOX,
thread_016,,John Smith,https://www.linkedin.com/in/john-smith,Daniel Kim,https://www.linkedin.com/in/daniel-kim,2024-01-30 16:00:00 UTC,,Daniel! Thanks for the great conversation at the networking event. As promised, here's more information about our sales coaching programs. We help teams improve their close rates by an average of 25%.,INBOX